seed,hu,train,val,test
130,20,0.7101597643318722,0.7893417820367628,0.8232573005061976
